instance,gringo-duration,gringo-timeout-occurred,idlv-duration,idlv-timeout-occured,newground-idlv-duration,newground-idlv-timeout-occured,newground-gringo-duration,newground-gringo-timeout-occured
blablibaume.asp,0.015109777450561523,False,0.01119232177734375,False,1.1521265506744385,False,1.1472525596618652,False
instance_010.lp,0.014103174209594727,False,0.01100015640258789,False,1.1527414321899414,False,1.1606197357177734,False
instance_013.lp,0.01581597328186035,False,0.011499166488647461,False,3.2306485176086426,False,3.3022825717926025,False
instance_016.lp,0.015339851379394531,False,0.01170492172241211,False,4.8221423625946045,False,4.880454063415527,False