instance,gringo-size,gringo-timeout-occured,idlv-size,idlv-timeout-occured,newground-size,newground-timeout-occured

instance_004.lp,0.2548828125,False,0.216796875,False,0.8212890625,False
instance_007.lp,2.34765625,False,1.828125,False,15.9658203125,False
instance_010.lp,6.4560546875,False,5.099609375,False,53.7353515625,False
instance_013.lp,15.9248046875,False,12.814453125,False,130.5615234375,False
instance_016.lp,23.65625,False,19.078125,False,250.119140625,False
instance_019.lp,37.59375,False,30.5458984375,False,429.8291015625,False
instance_022.lp,74.4736328125,False,61.0791015625,False,737.2490234375,False
instance_025.lp,105.400390625,False,86.7060546875,False,1117.22265625,False
instance_028.lp,163.849609375,False,135.185546875,False,1621.1513671875,False
instance_031.lp,216.3603515625,False,178.7421875,False,2230.8134765625,False
instance_034.lp,280.7294921875,False,232.849609375,False,2968.9248046875,False
instance_037.lp,375.19921875,False,313.3017578125,False,0.0,True
instance_040.lp,480.4345703125,False,403.1474609375,False,0.0,True
instance_043.lp,608.4638671875,False,512.5869140625,False,0.0,True
instance_046.lp,767.4228515625,False,648.1328125,False,0.0,True
instance_049.lp,919.49609375,False,777.5341796875,False,0.0,True
instance_052.lp,1128.8193359375,False,955.6982421875,False,0.0,True
instance_055.lp,1309.2333984375,False,1109.275390625,False,0.0,True
instance_058.lp,1653.4794921875,False,1402.3837890625,False,0.0,True
instance_061.lp,1859.7548828125,False,1577.990234375,False,0.0,True
instance_064.lp,2189.748046875,False,1859.0029296875,False,0.0,True
instance_067.lp,2376.158203125,False,2017.693359375,False,0.0,True
instance_070.lp,2782.857421875,False,2364.0341796875,False,0.0,True
instance_073.lp,3078.384765625,False,2615.72265625,False,0.0,True
instance_076.lp,3539.0869140625,False,3009.9990234375,False,0.0,True
instance_079.lp,4117.6943359375,False,3507.6337890625,False,0.0,True
instance_082.lp,4635.591796875,False,3953.0498046875,False,0.0,True
instance_085.lp,5222.91015625,False,4458.17578125,False,0.0,True
instance_088.lp,5619.328125,False,4799.1142578125,False,0.009765625,False
instance_091.lp,6243.24609375,False,5335.748046875,False,0.0,True
instance_094.lp,7157.9560546875,False,6122.6015625,False,0.0,True
instance_097.lp,7739.5341796875,False,6622.8466796875,False,0.009765625,False
instance_100.lp,8888.4775390625,False,7613.55078125,False,0.0,True