instance,gringo-duration,gringo-timeout-occured,idlv-duration,idlv-timeout-occured,newground-duration,newground-timeout-occured

instance_004.lp,0.0100555419921875,False,0.006309032440185547,False,1.6910102367401123,False
instance_007.lp,0.009815692901611328,False,0.007355928421020508,False,2.067817449569702,False
instance_010.lp,0.031122684478759766,False,0.039110422134399414,False,2.67969012260437,False
instance_013.lp,2.970431327819824,False,2.9940667152404785,False,3.6096343994140625,False
instance_016.lp,14.749719858169556,False,14.65305757522583,False,4.829095840454102,False