instance,gringo-duration,gringo-timeout-occured,idlv-duration,idlv-timeout-occured,newground-duration,newground-timeout-occured

instance_004.lp,0.01818537712097168,False,0.012196540832519531,False,1.6991324424743652,False
instance_007.lp,0.01771378517150879,False,0.015395641326904297,False,2.0853333473205566,False
instance_010.lp,0.04362225532531738,False,0.05076956748962402,False,2.7052876949310303,False
instance_013.lp,4.572295427322388,False,8.304667472839355,False,3.654298782348633,False
instance_016.lp,23.174833297729492,False,116.1675934791565,False,4.886986494064331,False