instance,gringo-duration,gringo-timeout-occured,idlv-duration,idlv-timeout-occured,newground-duration,newground-timeout-occured

instance_004.lp,0.010495424270629883,False,0.003881216049194336,False,1.7732069492340088,False
instance_007.lp,0.010098934173583984,False,0.007538318634033203,False,2.0869200229644775,False
instance_010.lp,0.029979467391967773,False,0.034698486328125,False,2.735926389694214,False
instance_013.lp,3.0517351627349854,False,2.984358787536621,False,3.457188367843628,False
instance_016.lp,14.407934427261353,False,14.076885461807251,False,4.689643859863281,False
instance_019.lp,101.23709893226624,False,88.41875123977661,False,5.844013929367065,False