instance,gringo-duration,gringo-timeout-occured,idlv-duration,idlv-timeout-occured,newground-duration,newground-timeout-occured

instance_004.lp,0.017528772354125977,False,0.012212276458740234,False,1.778350591659546,False
instance_007.lp,0.017253875732421875,False,0.013729333877563477,False,2.0975894927978516,False
instance_010.lp,0.04518842697143555,False,0.046871185302734375,False,2.7639286518096924,False
instance_013.lp,4.6899094581604,False,3.783620595932007,False,3.4981255531311035,False
instance_016.lp,23.036476612091064,False,20.643935441970825,False,4.765726566314697,False
instance_019.lp,166.9927225112915,False,196.81228637695312,False,5.919620752334595,False