instance,gringo-duration,gringo-timeout-occured,idlv-duration,idlv-timeout-occured,newground-duration,newground-timeout-occured

instance_004.lp,0.010314702987670898,False,0.005850553512573242,False,1.7542307376861572,False
instance_007.lp,0.008505582809448242,False,0.006305694580078125,False,2.125699281692505,False
instance_010.lp,0.031151294708251953,False,0.04275178909301758,False,2.7160301208496094,False
instance_013.lp,3.0512633323669434,False,3.067986249923706,False,3.451558828353882,False
instance_016.lp,15.855014562606812,False,16.003702402114868,False,4.55443000793457,False
instance_019.lp,109.31463718414307,False,98.2517523765564,False,5.927874565124512,False
instance_022.lp,1809.8966948986053,True,1596.5246222019196,True,11.706256866455078,False
instance_025.lp,573.5859198570251,False,1809.8691098690033,True,13.350545644760132,False