instance,gringo-duration,gringo-timeout-occured,idlv-duration,idlv-timeout-occured,newground-duration,newground-timeout-occured

instance_004.lp,0.01474452018737793,False,0.009973287582397461,False,2.0039868354797363,False
instance_007.lp,0.013870716094970703,False,0.011316776275634766,False,2.4107136726379395,False
instance_010.lp,0.013391971588134766,False,0.017139911651611328,False,2.892627239227295,False
instance_013.lp,0.45832157135009766,False,0.46833348274230957,False,3.6504857540130615,False
instance_016.lp,1.76777982711792,False,1.7561583518981934,False,4.509731769561768,False
instance_019.lp,11.826245546340942,False,10.97327995300293,False,6.0238964557647705,False
instance_022.lp,218.7537820339203,False,211.94963955879211,False,7.869800567626953,False