instance,gringo-size,gringo-timeout-occured,idlv-size,idlv-timeout-occured,newground-size,newground-timeout-occured

instance_004.lp,0.287109375,False,0.22265625,False,1.873046875,False
instance_007.lp,1.337890625,False,1.017578125,False,22.8525390625,False
instance_010.lp,9.703125,False,6.4765625,False,44.1279296875,False
instance_013.lp,2862.388671875,False,1825.3251953125,False,71.8857421875,False
instance_016.lp,14898.982421875,False,9226.8291015625,False,104.4228515625,False
instance_019.lp,107154.849609375,False,64627.78125,False,143.4267578125,False
instance_022.lp,2022946.30078125,False,1157812.92578125,False,197.421875,False