instance,gringo-duration,gringo-timeout-occured,idlv-duration,idlv-timeout-occured,newground-duration,newground-timeout-occured

instance_004.lp,0.022683143615722656,False,0.021538496017456055,False,2.0159153938293457,False
instance_007.lp,0.025530099868774414,False,0.018867015838623047,False,2.4276058673858643,False
instance_010.lp,0.02586507797241211,False,0.028260469436645508,False,2.913034439086914,False
instance_013.lp,0.8392066955566406,False,0.7251753807067871,False,3.67250394821167,False
instance_016.lp,3.802616834640503,False,3.102630615234375,False,4.5356481075286865,False
instance_019.lp,26.566978693008423,False,21.503578901290894,False,6.0553741455078125,False
instance_022.lp,536.6554982662201,False,416.16281294822693,False,7.950655460357666,False