instance,gringo-duration,gringo-timeout-occured,idlv-duration,idlv-timeout-occured,newground-duration,newground-timeout-occured

instance_004.lp,0.027045488357543945,False,0.022805452346801758,False,2.041109800338745,False
instance_007.lp,0.026088953018188477,False,0.02355170249938965,False,2.7195074558258057,False
instance_010.lp,0.030997276306152344,False,0.02739405632019043,False,3.026724100112915,False
instance_013.lp,0.7786431312561035,False,1.0655856132507324,False,3.745375633239746,False
instance_016.lp,3.5231223106384277,False,4.771983861923218,False,4.6114208698272705,False
instance_019.lp,25.863077402114868,False,31.852778673171997,False,5.659733772277832,False
instance_022.lp,483.69555950164795,False,596.7305793762207,False,7.421935558319092,False