instance,gringo-duration,gringo-timeout-occured,idlv-duration,idlv-timeout-occured,newground-duration,newground-timeout-occured

instance_004.lp,0.014644622802734375,False,0.010841846466064453,False,2.0323281288146973,False
instance_007.lp,0.013431549072265625,False,0.011095285415649414,False,2.7032086849212646,False
instance_010.lp,0.017604827880859375,False,0.017081737518310547,False,3.0068001747131348,False
instance_013.lp,0.46819400787353516,False,0.7036678791046143,False,3.722057342529297,False
instance_016.lp,1.9012010097503662,False,2.806239366531372,False,4.589795351028442,False
instance_019.lp,13.07440996170044,False,18.169132471084595,False,5.629868984222412,False
instance_022.lp,240.0023090839386,False,323.903977394104,False,7.381454229354858,False