instance,gringo-size,gringo-timeout-occured,idlv-size,idlv-timeout-occured,newground-size,newground-timeout-occured

instance_004.lp,0.287109375,False,0.22265625,False,1.873046875,False
instance_007.lp,1.337890625,False,1.017578125,False,22.8525390625,False
instance_010.lp,8.181640625,False,8.2353515625,False,44.1279296875,False
instance_013.lp,2170.9296875,False,2342.3955078125,False,71.8857421875,False
instance_016.lp,11318.1123046875,False,12419.7314453125,False,104.4228515625,False
instance_019.lp,78497.6396484375,False,83202.037109375,False,143.4267578125,False
instance_022.lp,1446690.1943359375,False,1531681.7919921875,False,197.4208984375,False