instance,gringo-duration,gringo-timeout-occured,idlv-duration,idlv-timeout-occured,newground-duration,newground-timeout-occured

instance_004.lp,0.023798465728759766,False,0.01824212074279785,False,2.0559279918670654,False
instance_007.lp,0.023929119110107422,False,0.019355058670043945,False,3.5280799865722656,False
instance_010.lp,0.031213760375976562,False,0.03213238716125488,False,6.674161672592163,False
instance_013.lp,0.8372228145599365,False,0.772303581237793,False,13.082439661026001,False
instance_016.lp,3.953974485397339,False,3.32336688041687,False,23.039785146713257,False
instance_019.lp,26.88415002822876,False,20.70551872253418,False,36.779502153396606,False
instance_022.lp,499.61541056632996,False,351.57811546325684,False,56.44317817687988,False