instance,gringo-duration,gringo-timeout-occured,idlv-duration,idlv-timeout-occured,newground-duration,newground-timeout-occured

instance_004.lp,0.014985799789428711,False,0.009533166885375977,False,2.0478668212890625,False
instance_007.lp,0.013195514678955078,False,0.009594917297363281,False,3.5042996406555176,False
instance_010.lp,0.01742100715637207,False,0.01873493194580078,False,6.643017530441284,False
instance_013.lp,0.47949695587158203,False,0.530489444732666,False,13.034411430358887,False
instance_016.lp,1.9233992099761963,False,1.9883337020874023,False,22.971170663833618,False
instance_019.lp,13.218151807785034,False,11.94705843925476,False,36.678974866867065,False
instance_022.lp,227.63444328308105,False,193.18047761917114,False,56.306899547576904,False