instance,gringo-duration,gringo-timeout-occured,idlv-duration,idlv-timeout-occured,newground-duration,newground-timeout-occured

instance_004.lp,0.014403104782104492,False,0.010046958923339844,False,1.6771342754364014,False
instance_007.lp,0.01353311538696289,False,0.0064923763275146484,False,26.38665270805359,False
instance_010.lp,0.03416299819946289,False,0.042085886001586914,False,194.3043293952942,False
instance_013.lp,2.8884832859039307,False,3.0190203189849854,False,940.3814103603363,False
instance_016.lp,14.251274347305298,False,14.121800184249878,False,1800.1261298656464,True
instance_019.lp,103.72796154022217,False,88.95012545585632,False,1800,True