instance,gringo-size,gringo-timeout-occured,idlv-size,idlv-timeout-occured,newground-size,newground-timeout-occured

instance_004.lp,0.25390625,False,0.2158203125,False,1.2890625,False
instance_007.lp,1.3046875,False,1.0107421875,False,1453.7412109375,False
instance_010.lp,67.14453125,False,43.2900390625,False,10446.5849609375,False
instance_013.lp,26658.228515625,False,16399.205078125,False,43898.806640625,False
instance_016.lp,138033.7763671875,False,83001.505859375,False,0,True
instance_019.lp,994555.5439453125,False,585579.0576171875,False,0,True