instance,gringo-duration,gringo-timeout-occured,idlv-duration,idlv-timeout-occured,newground-duration,newground-timeout-occured

instance_004.lp,0.02473926544189453,False,0.021502017974853516,False,1.684006929397583,False
instance_007.lp,0.0251467227935791,False,0.01752471923828125,False,26.514176607131958,False
instance_010.lp,0.049268245697021484,False,0.05660724639892578,False,195.06136655807495,False
instance_013.lp,4.507956027984619,False,3.806060791015625,False,943.4112083911896,False
instance_016.lp,22.749769926071167,False,20.481968641281128,False,1800.1261303424835,True
instance_019.lp,179.85076117515564,False,200.81136631965637,False,1800,True