instance,gringo-duration,gringo-timeout-occured,idlv-duration,idlv-timeout-occured,newground-duration,newground-timeout-occured

instance_004.lp,0.014864444732666016,False,0.023119211196899414,False,1.520521879196167,False
instance_007.lp,0.022695064544677734,False,0.02822136878967285,False,1.8108513355255127,False
instance_010.lp,0.053606510162353516,False,0.04621601104736328,False,2.274688482284546,False
instance_013.lp,0.16039276123046875,False,0.09870719909667969,False,2.8054635524749756,False
instance_016.lp,0.35607171058654785,False,0.2117757797241211,False,3.685297966003418,False
instance_019.lp,0.7375447750091553,False,0.4180564880371094,False,4.727529764175415,False
instance_022.lp,1.3541810512542725,False,0.7591440677642822,False,5.900973320007324,False
instance_025.lp,2.4137942790985107,False,1.3096389770507812,False,7.270729064941406,False