instance,gringo-size,gringo-timeout-occured,idlv-size,idlv-timeout-occured,newground-size,newground-timeout-occured

instance_004.lp,2.857421875,False,1.85546875,False,18.19140625,False
instance_007.lp,65.8505859375,False,34.7666015625,False,46.8232421875,False
instance_010.lp,428.3212890625,False,216.1943359375,False,90.9150390625,False
instance_013.lp,1544.2265625,False,732.8759765625,False,154.0,False
instance_016.lp,4017.2861328125,False,1956.900390625,False,245.7578125,False
instance_019.lp,8896.8388671875,False,4215.869140625,False,357.5068359375,False
instance_022.lp,17598.0478515625,False,8812.33984375,False,515.4619140625,False
instance_025.lp,31297.8056640625,False,15503.9111328125,False,694.1923828125,False