instance,gringo-duration,gringo-timeout-occured,idlv-duration,idlv-timeout-occured,newground-duration,newground-timeout-occured

instance_004.lp,0.027400970458984375,False,0.03565263748168945,False,1.539119005203247,False
instance_007.lp,0.043041229248046875,False,0.03850197792053223,False,1.851003646850586,False
instance_010.lp,0.10227656364440918,False,0.06875920295715332,False,2.3267290592193604,False
instance_013.lp,0.2917304039001465,False,0.14781856536865234,False,2.9208853244781494,False
instance_016.lp,0.7226941585540771,False,0.319852352142334,False,3.8592209815979004,False
instance_019.lp,1.5475738048553467,False,0.6476483345031738,False,5.492396593093872,False
instance_022.lp,2.952270746231079,False,1.1713168621063232,False,6.688310146331787,False
instance_025.lp,5.128849744796753,False,2.0560717582702637,False,8.704856395721436,False